EncodingTarget,ManualThreads,crf,no_asm,no_cabac,no_mbtree,no_scenecut,qp,Threads,aq_strength,b_bias,bframes,crfRatio,ipratio,keyint,qcomp,qpSetting,rc_lookahead,ref,scenecut,e,S,U,M,t,K,D,p,X,Z,I,O,r,s,k,x,e_mad,S_mad,U_mad,M_mad,t_mad,K_mad,D_mad,p_mad,X_mad,Z_mad,I_mad,O_mad,r_mad,s_mad,k_mad,x_mad
1,1,0,1,1,1,1,1,11,1.2,79,1,21.00000000000005,0.9999999999999999,422,0.2,35,185,2,3,6.67,0.17,5.75,10132,0,0,0,0,0,4096,0,1008,0,0,0,0,0.50999999999999979,0.0,0.0,0.0,0.0,0.0,0.0,0.0,0.0,0.0,0.0,936.0,0.0,0.0,0.0,0.0
1,1,0,1,1,1,1,1,0,0,62,5,35.90000000000026,0.30000000000000004,806,0.5,30,56,3,70,14.33,0.18,10.13,7964,0,0,0,0,0,4096,0,120,0,0,0,0,1.1899999999999995,0.040000000000000008,0.049999999999998934,4.0,0.0,0.0,0.0,0.0,0.0,0.0,0.0,40.0,0.0,0.0,0.0,0.0
1,1,0,1,1,1,1,1,94,1.9000000000000006,62,9,13.699999999999987,1.0999999999999999,537,0.1,31,212,3,98,10.23,0.3,10.57,68804,0,0,0,0,0,4096,0,96,0,0,0,0,0.59999999999999964,0.029999999999999971,0.0099999999999997868,0.0,0.0,0.0,0.0,0.0,0.0,0.0,0.0,16.0,0.0,0.0,0.0,0.0
1,1,0,1,1,1,1,1,37,1.6000000000000003,-55,16,44.40000000000038,0.5,80,0.6,2,177,1,24,78.34,0.72,44.72,33492,0,0,0,0,0,4096,0,60720,0,0,0,0,7.5300000000000011,0.020000000000000018,0.079999999999998295,8.0,0.0,0.0,0.0,0.0,0.0,0.0,0.0,16056.0,0.0,0.0,0.0,0.0
1,1,1,1,1,1,1,0,11,1.2,79,1,21.00000000000005,0.9999999999999999,422,0.2,35,185,2,3,0.0,0.0,0.0,860,0,0,0,0,0,4096,0,0,0,0,0,255,0.0,0.0,0.0,0.0,0.0,0.0,0.0,0.0,0.0,0.0,0.0,0.0,0.0,0.0,0.0,0.0
1,1,1,1,1,1,1,0,0,0,62,5,35.90000000000026,0.30000000000000004,806,0.5,30,56,3,70,0.0,0.0,0.0,860,0,0,0,0,0,4096,0,0,0,0,0,255,0.0,0.0,0.0,0.0,0.0,0.0,0.0,0.0,0.0,0.0,0.0,0.0,0.0,0.0,0.0,0.0
1,1,1,1,1,1,1,0,94,1.9000000000000006,62,9,13.699999999999987,1.0999999999999999,537,0.1,31,212,3,98,0.0,0.0,0.0,860,0,0,0,0,0,4096,0,0,0,0,0,255,0.0,0.0,0.0,0.0,0.0,0.0,0.0,0.0,0.0,0.0,0.0,0.0,0.0,0.0,0.0,0.0
1,1,1,1,1,1,1,0,37,1.6000000000000003,-55,16,44.40000000000038,0.5,80,0.6,2,177,1,24,0.0,0.0,0.0,856,0,0,0,0,0,4096,0,0,0,0,0,255,0.0,0.0,0.0,0.0,0.0,0.0,0.0,0.0,0.0,0.0,0.0,0.0,0.0,0.0,0.0,0.0
