EncodingTarget,ManualThreads,crf,no_asm,no_cabac,no_mbtree,no_scenecut,qp,Threads,aq_strength,b_bias,bframes,crfRatio,ipratio,keyint,qcomp,qpSetting,rc_lookahead,ref,scenecut,e,S,U,M,t,K,D,p,X,Z,I,O,r,s,k,x,e_mad,S_mad,U_mad,M_mad,t_mad,K_mad,D_mad,p_mad,X_mad,Z_mad,I_mad,O_mad,r_mad,s_mad,k_mad,x_mad
1,1,0,1,1,1,1,1,101,1.2,-23,14,24.6000000000001,0.4,922,0.6,42,42,9,31,28.07,0.31,14.18,79760,0,0,0,0,0,4096,0,56,0,0,0,0,0.73000000000000043,0.010000000000000009,0.029999999999999361,0.0,0.0,0.0,0.0,0.0,0.0,0.0,0.0,24.0,0.0,0.0,0.0,0.0
1,1,0,1,1,1,1,1,44,1.3,40,23,14.299999999999985,1.3,404,0.8999999999999999,3,100,8,81,107.08,0.39,75.36,46164,0,0,0,0,0,4096,8,48432,0,0,0,0,2.0900000000000034,0.010000000000000009,0.030000000000001137,4.0,0.0,0.0,0.0,0.0,0.0,0.0,8.0,9968.0,0.0,0.0,0.0,0.0
1,1,0,1,1,1,1,1,118,1.6000000000000003,38,15,28.400000000000155,0.1,458,0.9999999999999999,16,199,2,27,58.67,0.48,37.85,91056,0,0,0,0,0,4096,0,12136,0,0,0,0,3.9099999999999966,0.03999999999999998,0.079999999999998295,0.0,0.0,0.0,0.0,0.0,0.0,0.0,0.0,3024.0,0.0,0.0,0.0,0.0
1,1,0,1,1,1,1,1,87,0.9999999999999999,24,16,33.00000000000022,0.8999999999999999,635,0,33,102,2,20,10.72,0.23,10.96,73864,0,0,0,0,0,4096,0,64,0,0,0,0,1.5800000000000001,0.01999999999999999,0.0099999999999997868,0.0,0.0,0.0,0.0,0.0,0.0,0.0,0.0,0.0,0.0,0.0,0.0,0.0
1,1,1,1,1,1,1,0,101,1.2,-23,14,24.6000000000001,0.4,922,0.6,42,42,9,31,0.0,0.0,0.0,860,0,0,0,0,0,4096,0,0,0,0,0,255,0.0,0.0,0.0,0.0,0.0,0.0,0.0,0.0,0.0,0.0,0.0,0.0,0.0,0.0,0.0,0.0
1,1,1,1,1,1,1,0,44,1.3,40,23,14.299999999999985,1.3,404,0.8999999999999999,3,100,8,81,0.0,0.0,0.0,856,0,0,0,0,0,4096,0,0,0,0,0,255,0.0,0.0,0.0,0.0,0.0,0.0,0.0,0.0,0.0,0.0,0.0,0.0,0.0,0.0,0.0,0.0
1,1,1,1,1,1,1,0,118,1.6000000000000003,38,15,28.400000000000155,0.1,458,0.9999999999999999,16,199,2,27,0.0,0.0,0.0,860,0,0,0,0,0,4096,0,0,0,0,0,255,0.0,0.0,0.0,0.0,0.0,0.0,0.0,0.0,0.0,0.0,0.0,0.0,0.0,0.0,0.0,0.0
1,1,1,1,1,1,1,0,87,0.9999999999999999,24,16,33.00000000000022,0.8999999999999999,635,0,33,102,2,20,0.0,0.0,0.0,860,0,0,0,0,0,4096,0,0,0,0,0,255,0.0,0.0,0.0,0.0,0.0,0.0,0.0,0.0,0.0,0.0,0.0,0.0,0.0,0.0,0.0,0.0
