EncodingTarget,ManualThreads,crf,no_asm,no_cabac,no_mbtree,no_scenecut,qp,Threads,aq_strength,b_bias,bframes,crfRatio,ipratio,keyint,qcomp,qpSetting,rc_lookahead,ref,scenecut,e,S,U,M,t,K,D,p,X,Z,I,O,r,s,k,x,e_mad,S_mad,U_mad,M_mad,t_mad,K_mad,D_mad,p_mad,X_mad,Z_mad,I_mad,O_mad,r_mad,s_mad,k_mad,x_mad
1,1,0,1,1,1,1,1,11,1.2,79,1,21.00000000000005,0.9999999999999999,422,0.2,35,185,2,3,7.51,0.17,5.72,10132,0,0,0,0,0,4096,0,96,0,0,0,0,0.76999999999999957,0.0099999999999999811,0.019999999999999574,0.0,0.0,0.0,0.0,0.0,0.0,0.0,0.0,40.0,0.0,0.0,0.0,0.0
1,1,0,1,1,1,1,1,0,0,62,5,35.90000000000026,0.30000000000000004,806,0.5,30,56,3,70,17.32,0.18,10.14,7968,0,0,0,0,0,4096,0,120,0,0,0,0,1.6799999999999997,0.01999999999999999,0.029999999999999361,4.0,0.0,0.0,0.0,0.0,0.0,0.0,0.0,72.0,0.0,0.0,0.0,0.0
1,1,0,1,1,1,1,1,94,1.9000000000000006,62,9,13.699999999999987,1.0999999999999999,537,0.1,31,212,3,98,9.64,0.26,10.53,68808,0,0,0,0,0,4096,0,112,0,0,0,0,0.5600000000000005,0.020000000000000018,0.0099999999999997868,4.0,0.0,0.0,0.0,0.0,0.0,0.0,0.0,48.0,0.0,0.0,0.0,0.0
1,1,0,1,1,1,1,1,37,1.6000000000000003,-55,16,44.40000000000038,0.5,80,0.6,2,177,1,24,81.54,0.69,44.79,33484,0,0,0,0,0,4096,0,45824,0,0,0,0,4.8900000000000006,0.039999999999999925,0.10000000000000142,4.0,0.0,0.0,0.0,0.0,0.0,0.0,0.0,12504.0,0.0,0.0,0.0,0.0
1,1,1,1,1,1,1,0,11,1.2,79,1,21.00000000000005,0.9999999999999999,422,0.2,35,185,2,3,0.0,0.0,0.0,856,0,0,0,0,0,4096,0,0,0,0,0,255,0.0,0.0,0.0,0.0,0.0,0.0,0.0,0.0,0.0,0.0,0.0,0.0,0.0,0.0,0.0,0.0
1,1,1,1,1,1,1,0,0,0,62,5,35.90000000000026,0.30000000000000004,806,0.5,30,56,3,70,0.0,0.0,0.0,860,0,0,0,0,0,4096,0,0,0,0,0,255,0.0,0.0,0.0,0.0,0.0,0.0,0.0,0.0,0.0,0.0,0.0,0.0,0.0,0.0,0.0,0.0
1,1,1,1,1,1,1,0,94,1.9000000000000006,62,9,13.699999999999987,1.0999999999999999,537,0.1,31,212,3,98,0.0,0.0,0.0,856,0,0,0,0,0,4096,0,0,0,0,0,255,0.0,0.0,0.0,0.0,0.0,0.0,0.0,0.0,0.0,0.0,0.0,0.0,0.0,0.0,0.0,0.0
1,1,1,1,1,1,1,0,37,1.6000000000000003,-55,16,44.40000000000038,0.5,80,0.6,2,177,1,24,0.0,0.0,0.0,860,0,0,0,0,0,4096,0,0,0,0,0,255,0.0,0.0,0.0,0.0,0.0,0.0,0.0,0.0,0.0,0.0,0.0,0.0,0.0,0.0,0.0,0.0
