EncodingTarget,ManualThreads,crf,no_asm,no_cabac,no_mbtree,no_scenecut,qp,Threads,aq_strength,b_bias,bframes,crfRatio,ipratio,keyint,qcomp,qpSetting,rc_lookahead,ref,scenecut,e,S,U,M,t,K,D,p,X,Z,I,O,r,s,k,x,e_mad,S_mad,U_mad,M_mad,t_mad,K_mad,D_mad,p_mad,X_mad,Z_mad,I_mad,O_mad,r_mad,s_mad,k_mad,x_mad
1,1,0,1,1,1,1,1,11,1.2,79,1,21.00000000000005,0.9999999999999999,422,0.2,35,185,2,3,6.58,0.14,5.67,10132,0,0,0,0,0,4096,0,1776,0,0,0,0,0.27000000000000046,0.0,0.0099999999999997868,4.0,0.0,0.0,0.0,0.0,0.0,0.0,0.0,1688.0,0.0,0.0,0.0,0.0
1,1,0,1,1,1,1,1,0,0,62,5,35.90000000000026,0.30000000000000004,806,0.5,30,56,3,70,15.41,0.14,10.05,7964,0,0,0,0,0,4096,0,1712,0,0,0,0,0.73999999999999844,0.010000000000000009,0.019999999999999574,0.0,0.0,0.0,0.0,0.0,0.0,0.0,0.0,1632.0,0.0,0.0,0.0,0.0
1,1,0,1,1,1,1,1,94,1.9000000000000006,62,9,13.699999999999987,1.0999999999999999,537,0.1,31,212,3,98,10.92,0.2,10.54,68808,0,0,0,0,0,4096,0,112,0,0,0,0,0.19999999999999929,0.010000000000000009,0.019999999999999574,0.0,0.0,0.0,0.0,0.0,0.0,0.0,0.0,16.0,0.0,0.0,0.0,0.0
1,1,0,1,1,1,1,1,37,1.6000000000000003,-55,16,44.40000000000038,0.5,80,0.6,2,177,1,24,74.12,0.59,44.55,33484,0,0,0,0,0,4096,0,83872,0,0,0,0,2.0700000000000074,0.050000000000000044,0.019999999999996021,4.0,0.0,0.0,0.0,0.0,0.0,0.0,0.0,0.0,0.0,0.0,0.0,0.0
1,1,1,1,1,1,1,0,11,1.2,79,1,21.00000000000005,0.9999999999999999,422,0.2,35,185,2,3,0.0,0.0,0.0,856,0,0,0,0,0,4096,0,0,0,0,0,255,0.0,0.0,0.0,0.0,0.0,0.0,0.0,0.0,0.0,0.0,0.0,0.0,0.0,0.0,0.0,0.0
1,1,1,1,1,1,1,0,0,0,62,5,35.90000000000026,0.30000000000000004,806,0.5,30,56,3,70,0.0,0.0,0.0,856,0,0,0,0,0,4096,0,0,0,0,0,255,0.0,0.0,0.0,0.0,0.0,0.0,0.0,0.0,0.0,0.0,0.0,0.0,0.0,0.0,0.0,0.0
1,1,1,1,1,1,1,0,94,1.9000000000000006,62,9,13.699999999999987,1.0999999999999999,537,0.1,31,212,3,98,0.0,0.0,0.0,856,0,0,0,0,0,4096,0,0,0,0,0,255,0.0,0.0,0.0,0.0,0.0,0.0,0.0,0.0,0.0,0.0,0.0,0.0,0.0,0.0,0.0,0.0
1,1,1,1,1,1,1,0,37,1.6000000000000003,-55,16,44.40000000000038,0.5,80,0.6,2,177,1,24,0.0,0.0,0.0,856,0,0,0,0,0,4096,0,0,0,0,0,255,0.0,0.0,0.0,0.0,0.0,0.0,0.0,0.0,0.0,0.0,0.0,0.0,0.0,0.0,0.0,0.0
