EncodingTarget,ManualThreads,crf,no_asm,no_cabac,no_mbtree,no_scenecut,qp,Threads,aq_strength,b_bias,bframes,crfRatio,ipratio,keyint,qcomp,qpSetting,rc_lookahead,ref,scenecut,e,S,U,M,t,K,D,p,X,Z,I,O,r,s,k,x,e_mad,S_mad,U_mad,M_mad,t_mad,K_mad,D_mad,p_mad,X_mad,Z_mad,I_mad,O_mad,r_mad,s_mad,k_mad,x_mad
1,1,0,1,1,1,1,1,101,1.2,-23,14,24.6000000000001,0.4,922,0.6,42,42,9,31,26.34,0.28,14.18,79760,0,0,0,0,0,4096,0,56,0,0,0,0,0.75,0.020000000000000018,0.030000000000001137,0.0,0.0,0.0,0.0,0.0,0.0,0.0,0.0,16.0,0.0,0.0,0.0,0.0
1,1,0,1,1,1,1,1,44,1.3,40,23,14.299999999999985,1.3,404,0.8999999999999999,3,100,8,81,103.18,0.65,75.34,46164,0,0,0,0,0,4096,0,72928,0,0,0,0,6.7700000000000102,0.23000000000000004,0.079999999999998295,4.0,0.0,0.0,0.0,0.0,0.0,0.0,0.0,4872.0,0.0,0.0,0.0,0.0
1,1,0,1,1,1,1,1,118,1.6000000000000003,38,15,28.400000000000155,0.1,458,0.9999999999999999,16,199,2,27,58.37,0.45,37.82,91056,0,0,0,0,0,4096,0,8920,0,0,0,0,4.4600000000000009,0.03999999999999998,0.039999999999999147,4.0,0.0,0.0,0.0,0.0,0.0,0.0,0.0,1248.0,0.0,0.0,0.0,0.0
1,1,0,1,1,1,1,1,87,0.9999999999999999,24,16,33.00000000000022,0.8999999999999999,635,0,33,102,2,20,15.06,0.23,10.97,73864,0,0,0,0,0,4096,0,72,0,0,0,0,1.4000000000000004,0.0,0.019999999999999574,0.0,0.0,0.0,0.0,0.0,0.0,0.0,0.0,8.0,0.0,0.0,0.0,0.0
1,1,1,1,1,1,1,0,101,1.2,-23,14,24.6000000000001,0.4,922,0.6,42,42,9,31,0.01,0.0,0.0,856,0,0,0,0,0,4096,0,0,0,0,0,255,0.01,0.0,0.0,0.0,0.0,0.0,0.0,0.0,0.0,0.0,0.0,0.0,0.0,0.0,0.0,0.0
1,1,1,1,1,1,1,0,44,1.3,40,23,14.299999999999985,1.3,404,0.8999999999999999,3,100,8,81,0.0,0.0,0.0,856,0,0,0,0,0,4096,0,0,0,0,0,255,0.0,0.0,0.0,0.0,0.0,0.0,0.0,0.0,0.0,0.0,0.0,0.0,0.0,0.0,0.0,0.0
1,1,1,1,1,1,1,0,118,1.6000000000000003,38,15,28.400000000000155,0.1,458,0.9999999999999999,16,199,2,27,0.0,0.0,0.0,860,0,0,0,0,0,4096,0,0,0,0,0,255,0.0,0.0,0.0,0.0,0.0,0.0,0.0,0.0,0.0,0.0,0.0,0.0,0.0,0.0,0.0,0.0
1,1,1,1,1,1,1,0,87,0.9999999999999999,24,16,33.00000000000022,0.8999999999999999,635,0,33,102,2,20,0.0,0.0,0.0,860,0,0,0,0,0,4096,0,0,0,0,0,255,0.0,0.0,0.0,0.0,0.0,0.0,0.0,0.0,0.0,0.0,0.0,0.0,0.0,0.0,0.0,0.0
