EncodingTarget,ManualThreads,crf,no_asm,no_cabac,no_mbtree,no_scenecut,qp,Threads,aq_strength,b_bias,bframes,crfRatio,ipratio,keyint,qcomp,qpSetting,rc_lookahead,ref,scenecut,e,S,U,M,t,K,D,p,X,Z,I,O,r,s,k,x,e_mad,S_mad,U_mad,M_mad,t_mad,K_mad,D_mad,p_mad,X_mad,Z_mad,I_mad,O_mad,r_mad,s_mad,k_mad,x_mad
1,1,0,1,1,1,1,1,101,1.2,-23,14,24.6000000000001,0.4,922,0.6,42,42,9,31,25.97,0.24,14.15,79760,0,0,0,0,0,4096,0,64,0,0,0,0,5.7099999999999973,0.0099999999999999811,0.060000000000000497,0.0,0.0,0.0,0.0,0.0,0.0,0.0,0.0,24.0,0.0,0.0,0.0,0.0
1,1,0,1,1,1,1,1,44,1.3,40,23,14.299999999999985,1.3,404,0.8999999999999999,3,100,8,81,109.25,0.35,75.41,46160,0,0,0,0,0,4096,0,72856,0,0,0,0,5.2900000000000063,0.0099999999999999534,0.030000000000001137,0.0,0.0,0.0,0.0,0.0,0.0,0.0,0.0,7016.0,0.0,0.0,0.0,0.0
1,1,0,1,1,1,1,1,118,1.6000000000000003,38,15,28.400000000000155,0.1,458,0.9999999999999999,16,199,2,27,55.53,0.33,37.75,91056,0,0,0,0,0,4096,0,15128,0,0,0,0,2.8900000000000006,0.030000000000000027,0.020000000000003126,4.0,0.0,0.0,0.0,0.0,0.0,0.0,0.0,320.0,0.0,0.0,0.0,0.0
1,1,0,1,1,1,1,1,87,0.9999999999999999,24,16,33.00000000000022,0.8999999999999999,635,0,33,102,2,20,10.11,0.18,10.94,73864,0,0,0,0,0,4096,0,64,0,0,0,0,0.45999999999999908,0.01999999999999999,0.0,4.0,0.0,0.0,0.0,0.0,0.0,0.0,0.0,16.0,0.0,0.0,0.0,0.0
1,1,1,1,1,1,1,0,101,1.2,-23,14,24.6000000000001,0.4,922,0.6,42,42,9,31,0.0,0.0,0.0,860,0,0,0,0,0,4096,0,0,0,0,0,255,0.0,0.0,0.0,0.0,0.0,0.0,0.0,0.0,0.0,0.0,0.0,0.0,0.0,0.0,0.0,0.0
1,1,1,1,1,1,1,0,44,1.3,40,23,14.299999999999985,1.3,404,0.8999999999999999,3,100,8,81,0.0,0.0,0.0,856,0,0,0,0,0,4096,0,0,0,0,0,255,0.0,0.0,0.0,0.0,0.0,0.0,0.0,0.0,0.0,0.0,0.0,0.0,0.0,0.0,0.0,0.0
1,1,1,1,1,1,1,0,118,1.6000000000000003,38,15,28.400000000000155,0.1,458,0.9999999999999999,16,199,2,27,0.0,0.0,0.0,856,0,0,0,0,0,4096,0,0,0,0,0,255,0.0,0.0,0.0,0.0,0.0,0.0,0.0,0.0,0.0,0.0,0.0,0.0,0.0,0.0,0.0,0.0
1,1,1,1,1,1,1,0,87,0.9999999999999999,24,16,33.00000000000022,0.8999999999999999,635,0,33,102,2,20,0.0,0.0,0.0,860,0,0,0,0,0,4096,0,0,0,0,0,255,0.0,0.0,0.0,4.0,0.0,0.0,0.0,0.0,0.0,0.0,0.0,0.0,0.0,0.0,0.0,0.0
